ID,Name,Description,Techniques,Tactics,Techniques-Description,Techniques-Name
C0030,Triton Safety Instrumented System Attack,"In the Triton Safety Instrumented System Attack, TEMP.Veles engaged in network reconnaissance against targets of interest.",T1595,Reconnaissance,"Adversaries may execute active reconnaissance scans to gather information that can be used during targeting. Active scans are those where the adversary probes victim infrastructure via network traffic, as opposed to other forms of reconnaissance that do not involve direct interaction.",Active Scanning
G1003,Ember Bear,Ember Bear has targeted IP ranges for vulnerability scanning related to government and critical infrastructure organizations.,T1595.001,Reconnaissance,"Adversaries may scan victim IP blocks to gather information that can be used during targeting. Public IP addresses may be allocated to organizations by block, or a range of sequential addresses.",Scanning IP Blocks
G0139,TeamTNT,TeamTNT has scanned specific lists of target IP addresses.,T1595.001,Reconnaissance,"Adversaries may scan victim IP blocks to gather information that can be used during targeting. Public IP addresses may be allocated to organizations by block, or a range of sequential addresses.",Scanning IP Blocks
G0007,APT28,APT28 has performed large-scale scans in an attempt to find vulnerable servers.,T1595.002,Reconnaissance,Adversaries may scan victims for vulnerabilities that can be used during targeting. Vulnerability scans typically check if the configuration of a target host/application (ex: software and version) potentially aligns with the target of a specific exploit the adversary may seek to use.,Vulnerability Scanning
G0016,APT29,APT29 has conducted widespread scanning of target environments to identify vulnerabilities for exploit.,T1595.002,Reconnaissance,Adversaries may scan victims for vulnerabilities that can be used during targeting. Vulnerability scans typically check if the configuration of a target host/application (ex: software and version) potentially aligns with the target of a specific exploit the adversary may seek to use.,Vulnerability Scanning
G0096,APT41,"APT41 used the Acunetix SQL injection vulnerability scanner in target reconnaissance operations, as well as the JexBoss tool to identify vulnerabilities in Java applications.",T1595.002,Reconnaissance,Adversaries may scan victims for vulnerabilities that can be used during targeting. Vulnerability scans typically check if the configuration of a target host/application (ex: software and version) potentially aligns with the target of a specific exploit the adversary may seek to use.,Vulnerability Scanning
G0143,Aquatic Panda,Aquatic Panda has used publicly accessible DNS logging services to identify servers vulnerable to Log4j (CVE 2021-44228).,T1595.002,Reconnaissance,Adversaries may scan victims for vulnerabilities that can be used during targeting. Vulnerability scans typically check if the configuration of a target host/application (ex: software and version) potentially aligns with the target of a specific exploit the adversary may seek to use.,Vulnerability Scanning
C0029,Cutting Edge,"During Cutting Edge, threat actors used the publicly available Interactsh tool to identify Ivanti Connect Secure VPNs vulnerable to CVE-2024-21893.",T1595.002,Reconnaissance,Adversaries may scan victims for vulnerabilities that can be used during targeting. Vulnerability scans typically check if the configuration of a target host/application (ex: software and version) potentially aligns with the target of a specific exploit the adversary may seek to use.,Vulnerability Scanning
G0035,Dragonfly,Dragonfly has scanned targeted systems for vulnerable Citrix and Microsoft Exchange services.,T1595.002,Reconnaissance,Adversaries may scan victims for vulnerabilities that can be used during targeting. Vulnerability scans typically check if the configuration of a target host/application (ex: software and version) potentially aligns with the target of a specific exploit the adversary may seek to use.,Vulnerability Scanning
G1006,Earth Lusca,Earth Lusca has scanned for vulnerabilities in the public-facing servers of their targets.,T1595.002,Reconnaissance,Adversaries may scan victims for vulnerabilities that can be used during targeting. Vulnerability scans typically check if the configuration of a target host/application (ex: software and version) potentially aligns with the target of a specific exploit the adversary may seek to use.,Vulnerability Scanning
G1003,Ember Bear,Ember Bear has used publicly available tools such as MASSCAN and Acunetix for vulnerability scanning of public-facing infrastructure.,T1595.002,Reconnaissance,Adversaries may scan victims for vulnerabilities that can be used during targeting. Vulnerability scans typically check if the configuration of a target host/application (ex: software and version) potentially aligns with the target of a specific exploit the adversary may seek to use.,Vulnerability Scanning
G0065,Leviathan,"Leviathan has conducted reconnaissance against target networks of interest looking for vulnerable, end-of-life, or no longer maintainted devices against which to rapidly deploy exploits.",T1595.002,Reconnaissance,Adversaries may scan victims for vulnerabilities that can be used during targeting. Vulnerability scans typically check if the configuration of a target host/application (ex: software and version) potentially aligns with the target of a specific exploit the adversary may seek to use.,Vulnerability Scanning
G0059,Magic Hound,"Magic Hound has conducted widespread scanning to identify public-facing systems vulnerable to CVE-2021-44228 in Log4j and ProxyShell vulnerabilities; CVE-2021-26855, CVE-2021-26857, CVE-2021-26858, and CVE-2021-27065 in on-premises MS Exchange Servers; and CVE-2018-13379 in Fortinet FortiOS SSL VPNs.",T1595.002,Reconnaissance,Adversaries may scan victims for vulnerabilities that can be used during targeting. Vulnerability scans typically check if the configuration of a target host/application (ex: software and version) potentially aligns with the target of a specific exploit the adversary may seek to use.,Vulnerability Scanning
G0034,Sandworm Team,Sandworm Team has scanned network infrastructure for vulnerabilities as part of its operational planning.,T1595.002,Reconnaissance,Adversaries may scan victims for vulnerabilities that can be used during targeting. Vulnerability scans typically check if the configuration of a target host/application (ex: software and version) potentially aligns with the target of a specific exploit the adversary may seek to use.,Vulnerability Scanning
G0139,TeamTNT,TeamTNT has scanned for vulnerabilities in IoT devices and other related resources such as the Docker API.,T1595.002,Reconnaissance,Adversaries may scan victims for vulnerabilities that can be used during targeting. Vulnerability scans typically check if the configuration of a target host/application (ex: software and version) potentially aligns with the target of a specific exploit the adversary may seek to use.,Vulnerability Scanning
G0123,Volatile Cedar,Volatile Cedar has performed vulnerability scans of the target server.,T1595.002,Reconnaissance,Adversaries may scan victims for vulnerabilities that can be used during targeting. Vulnerability scans typically check if the configuration of a target host/application (ex: software and version) potentially aligns with the target of a specific exploit the adversary may seek to use.,Vulnerability Scanning
G1035,Winter Vivern,Winter Vivern has used remotely-hosted instances of the Acunetix vulnerability scanner.,T1595.002,Reconnaissance,Adversaries may scan victims for vulnerabilities that can be used during targeting. Vulnerability scans typically check if the configuration of a target host/application (ex: software and version) potentially aligns with the target of a specific exploit the adversary may seek to use.,Vulnerability Scanning
G0096,APT41,APT41 leverages various tools and frameworks to brute-force directories on web servers.,T1595.003,Reconnaissance,"Adversaries may iteratively probe infrastructure using brute-forcing and crawling techniques. While this technique employs similar methods to Brute Force, its goal is the identification of content and infrastructure rather than the discovery of valid credentials. Wordlists used in these scans may contain generic, commonly used names and file extensions or terms specific to a particular software. Adversaries may also create custom, target-specific wordlists using data gathered from other Reconnaissance techniques (ex: Gather Victim Org Information, or Search Victim-Owned Websites).",Wordlist Scanning
G0123,Volatile Cedar,Volatile Cedar has used DirBuster and GoBuster to brute force web directories and DNS subdomains.,T1595.003,Reconnaissance,"Adversaries may iteratively probe infrastructure using brute-forcing and crawling techniques. While this technique employs similar methods to Brute Force, its goal is the identification of content and infrastructure rather than the discovery of valid credentials. Wordlists used in these scans may contain generic, commonly used names and file extensions or terms specific to a particular software. Adversaries may also create custom, target-specific wordlists using data gathered from other Reconnaissance techniques (ex: Gather Victim Org Information, or Search Victim-Owned Websites).",Wordlist Scanning
G1017,Volt Typhoon,Volt Typhoon has conducted pre-compromise reconnaissance for victim host information.,T1592,Reconnaissance,"Adversaries may gather information about the victim's hosts that can be used during targeting. Information about hosts may include a variety of details, including administrative data (ex: name, assigned IP, functionality, etc.) as well as specifics regarding its configuration (ex: operating system, language, etc.).",Gather Victim Host Information
G0138,Andariel,"Andariel has inserted a malicious script within compromised websites to collect potential victim information such as browser type, system language, Flash Player version, and other data.",T1592.002,Reconnaissance,"Adversaries may gather information about the victim's host software that can be used during targeting. Information about installed software may include a variety of details such as types and versions on specific hosts, as well as the presence of additional components that might be indicative of added defensive protections (ex: antivirus, SIEMs, etc.).",Software
G0059,Magic Hound,Magic Hound has captured the user-agent strings from visitors to their phishing sites.,T1592.002,Reconnaissance,"Adversaries may gather information about the victim's host software that can be used during targeting. Information about installed software may include a variety of details such as types and versions on specific hosts, as well as the presence of additional components that might be indicative of added defensive protections (ex: antivirus, SIEMs, etc.).",Software
G0034,Sandworm Team,"Sandworm Team has researched software code to enable supply-chain operations, most notably for the 2017 NotPetya attack. Sandworm Team also collected a list of computers using specific software as part of its targeting efforts.",T1592.002,Reconnaissance,"Adversaries may gather information about the victim's host software that can be used during targeting. Information about installed software may include a variety of details such as types and versions on specific hosts, as well as the presence of additional components that might be indicative of added defensive protections (ex: antivirus, SIEMs, etc.).",Software
G0125,HAFNIUM,HAFNIUM has interacted with Office 365 tenants to gather details regarding target's environments.,T1592.004,Reconnaissance,"Adversaries may gather information about the victim's client configurations that can be used during targeting. Information about client configurations may include a variety of details and settings, including operating system/version, virtualization, architecture (ex: 32 or 64 bit), language, and/or time zone.",Client Configurations
G0050,APT32,APT32 has conducted targeted surveillance against activists and bloggers.,T1589,Reconnaissance,"Adversaries may gather information about the victim's identity that can be used during targeting. Information about identities may include a variety of details, including personal data (ex: employee names, email addresses, security question responses, etc.) as well as sensitive details such as credentials or multi-factor authentication (MFA) configurations.",Gather Victim Identity Information
G1016,FIN13,FIN13 has researched employees to target for social engineering attacks.,T1589,Reconnaissance,"Adversaries may gather information about the victim's identity that can be used during targeting. Information about identities may include a variety of details, including personal data (ex: employee names, email addresses, security question responses, etc.) as well as sensitive details such as credentials or multi-factor authentication (MFA) configurations.",Gather Victim Identity Information
G1001,HEXANE,HEXANE has identified specific potential victims at targeted organizations.,T1589,Reconnaissance,"Adversaries may gather information about the victim's identity that can be used during targeting. Information about identities may include a variety of details, including personal data (ex: employee names, email addresses, security question responses, etc.) as well as sensitive details such as credentials or multi-factor authentication (MFA) configurations.",Gather Victim Identity Information
G1004,LAPSUS$,LAPSUS$ has gathered detailed information of target employees to enhance their social engineering lures.,T1589,Reconnaissance,"Adversaries may gather information about the victim's identity that can be used during targeting. Information about identities may include a variety of details, including personal data (ex: employee names, email addresses, security question responses, etc.) as well as sensitive details such as credentials or multi-factor authentication (MFA) configurations.",Gather Victim Identity Information
G0059,Magic Hound,"Magic Hound has acquired mobile phone numbers of potential targets, possibly for mobile malware or additional phishing operations.",T1589,Reconnaissance,"Adversaries may gather information about the victim's identity that can be used during targeting. Information about identities may include a variety of details, including personal data (ex: employee names, email addresses, security question responses, etc.) as well as sensitive details such as credentials or multi-factor authentication (MFA) configurations.",Gather Victim Identity Information
C0022,Operation Dream Job,"For Operation Dream Job, Lazarus Group conducted extensive reconnaissance research on potential targets.",T1589,Reconnaissance,"Adversaries may gather information about the victim's identity that can be used during targeting. Information about identities may include a variety of details, including personal data (ex: employee names, email addresses, security question responses, etc.) as well as sensitive details such as credentials or multi-factor authentication (MFA) configurations.",Gather Victim Identity Information
C0014,Operation Wocao,"During Operation Wocao, threat actors targeted people based on their organizational roles and privileges.",T1589,Reconnaissance,"Adversaries may gather information about the victim's identity that can be used during targeting. Information about identities may include a variety of details, including personal data (ex: employee names, email addresses, security question responses, etc.) as well as sensitive details such as credentials or multi-factor authentication (MFA) configurations.",Gather Victim Identity Information
G1033,Star Blizzard,Star Blizzard has identified ways to engage targets by researching potential victims' interests and social or professional contacts.,T1589,Reconnaissance,"Adversaries may gather information about the victim's identity that can be used during targeting. Information about identities may include a variety of details, including personal data (ex: employee names, email addresses, security question responses, etc.) as well as sensitive details such as credentials or multi-factor authentication (MFA) configurations.",Gather Victim Identity Information
G1017,Volt Typhoon,Volt Typhoon has gathered victim identify information during pre-compromise reconnaissance.,T1589,Reconnaissance,"Adversaries may gather information about the victim's identity that can be used during targeting. Information about identities may include a variety of details, including personal data (ex: employee names, email addresses, security question responses, etc.) as well as sensitive details such as credentials or multi-factor authentication (MFA) configurations.",Gather Victim Identity Information
G0007,APT28,APT28 has harvested user's login credentials.,T1589.001,Reconnaissance,Adversaries may gather credentials that can be used during targeting. Account credentials gathered by adversaries may be those directly associated with the target victim organization or attempt to take advantage of the tendency for users to use the same passwords across personal and business accounts.,Credentials
C0027,C0027,"During C0027, Scattered Spider sent phishing messages via SMS to steal credentials.",T1589.001,Reconnaissance,Adversaries may gather credentials that can be used during targeting. Account credentials gathered by adversaries may be those directly associated with the target victim organization or attempt to take advantage of the tendency for users to use the same passwords across personal and business accounts.,Credentials
G0114,Chimera,Chimera has collected credentials for the target organization from previous breaches for use in brute force attacks.,T1589.001,Reconnaissance,Adversaries may gather credentials that can be used during targeting. Account credentials gathered by adversaries may be those directly associated with the target victim organization or attempt to take advantage of the tendency for users to use the same passwords across personal and business accounts.,Credentials
G1004,LAPSUS$,LAPSUS$ has gathered user identities and credentials to gain initial access to a victim's organization; the group has also called an organization's help desk to reset a target's credentials.,T1589.001,Reconnaissance,Adversaries may gather credentials that can be used during targeting. Account credentials gathered by adversaries may be those directly associated with the target victim organization or attempt to take advantage of the tendency for users to use the same passwords across personal and business accounts.,Credentials
G0065,Leviathan,Leviathan has collected compromised credentials to use for targeting efforts.,T1589.001,Reconnaissance,Adversaries may gather credentials that can be used during targeting. Account credentials gathered by adversaries may be those directly associated with the target victim organization or attempt to take advantage of the tendency for users to use the same passwords across personal and business accounts.,Credentials
G0059,Magic Hound,"Magic Hound gathered credentials from two victims that they then attempted to validate across 75 different websites. Magic Hound has also collected credentials from over 900 Fortinet VPN servers in the US, Europe, and Israel.",T1589.001,Reconnaissance,Adversaries may gather credentials that can be used during targeting. Account credentials gathered by adversaries may be those directly associated with the target victim organization or attempt to take advantage of the tendency for users to use the same passwords across personal and business accounts.,Credentials
C0024,SolarWinds Compromise,"For the SolarWinds Compromise, APT29 conducted credential theft operations to obtain credentials to be used for access to victim environments.",T1589.001,Reconnaissance,Adversaries may gather credentials that can be used during targeting. Account credentials gathered by adversaries may be those directly associated with the target victim organization or attempt to take advantage of the tendency for users to use the same passwords across personal and business accounts.,Credentials
S0677,AADInternals,AADInternals can check for the existence of user email addresses using public Microsoft APIs.,T1589.002,Reconnaissance,"Adversaries may gather email addresses that can be used during targeting. Even if internal instances exist, organizations may have public-facing email infrastructure and addresses for employees.",Email Addresses
G0050,APT32,APT32 has collected e-mail addresses for activists and bloggers in order to target them with spyware.,T1589.002,Reconnaissance,"Adversaries may gather email addresses that can be used during targeting. Even if internal instances exist, organizations may have public-facing email infrastructure and addresses for employees.",Email Addresses
G1011,EXOTIC LILY,EXOTIC LILY has gathered targeted individuals' e-mail addresses through open source research and website contact forms.,T1589.002,Reconnaissance,"Adversaries may gather email addresses that can be used during targeting. Even if internal instances exist, organizations may have public-facing email infrastructure and addresses for employees.",Email Addresses
G0125,HAFNIUM,HAFNIUM has collected e-mail addresses for users they intended to target.,T1589.002,Reconnaissance,"Adversaries may gather email addresses that can be used during targeting. Even if internal instances exist, organizations may have public-facing email infrastructure and addresses for employees.",Email Addresses
G1001,HEXANE,"HEXANE has targeted executives, human resources staff, and IT personnel for spearphishing.",T1589.002,Reconnaissance,"Adversaries may gather email addresses that can be used during targeting. Even if internal instances exist, organizations may have public-facing email infrastructure and addresses for employees.",Email Addresses
G0094,Kimsuky,Kimsuky has collected valid email addresses including personal accounts that were subsequently used for spearphishing and other forms of social engineering.,T1589.002,Reconnaissance,"Adversaries may gather email addresses that can be used during targeting. Even if internal instances exist, organizations may have public-facing email infrastructure and addresses for employees.",Email Addresses
G1004,LAPSUS$,"LAPSUS$ has gathered employee email addresses, including personal accounts, for social engineering and initial access efforts.",T1589.002,Reconnaissance,"Adversaries may gather email addresses that can be used during targeting. Even if internal instances exist, organizations may have public-facing email infrastructure and addresses for employees.",Email Addresses
G0032,Lazarus Group,Lazarus Group collected email addresses belonging to various departments of a targeted organization which were used in follow-on phishing campaigns.,T1589.002,Reconnaissance,"Adversaries may gather email addresses that can be used during targeting. Even if internal instances exist, organizations may have public-facing email infrastructure and addresses for employees.",Email Addresses
G0059,Magic Hound,"Magic Hound has identified high-value email accounts in academia, journalism, NGO's, foreign policy, and national security for targeting.",T1589.002,Reconnaissance,"Adversaries may gather email addresses that can be used during targeting. Even if internal instances exist, organizations may have public-facing email infrastructure and addresses for employees.",Email Addresses
G1036,Moonstone Sleet,Moonstone Sleet gathered victim email address information for follow-on phishing activity.,T1589.002,Reconnaissance,"Adversaries may gather email addresses that can be used during targeting. Even if internal instances exist, organizations may have public-facing email infrastructure and addresses for employees.",Email Addresses
G1031,Saint Bear,Saint Bear gathered victim email information in advance of phishing operations for targeted attacks.,T1589.002,Reconnaissance,"Adversaries may gather email addresses that can be used during targeting. Even if internal instances exist, organizations may have public-facing email infrastructure and addresses for employees.",Email Addresses
G0034,Sandworm Team,Sandworm Team has obtained valid emails addresses while conducting research against target organizations that were subsequently used in spearphishing campaigns.,T1589.002,Reconnaissance,"Adversaries may gather email addresses that can be used during targeting. Even if internal instances exist, organizations may have public-facing email infrastructure and addresses for employees.",Email Addresses
G0122,Silent Librarian,Silent Librarian has collected e-mail addresses from targeted organizations from open Internet searches.,T1589.002,Reconnaissance,"Adversaries may gather email addresses that can be used during targeting. Even if internal instances exist, organizations may have public-facing email infrastructure and addresses for employees.",Email Addresses
G0127,TA551,TA551 has used spoofed company emails that were acquired from email clients on previously infected hosts to target other individuals.,T1589.002,Reconnaissance,"Adversaries may gather email addresses that can be used during targeting. Even if internal instances exist, organizations may have public-facing email infrastructure and addresses for employees.",Email Addresses
G1017,Volt Typhoon,Volt Typhoon has targeted the personal emails of key network and IT staff at victim organizations.,T1589.002,Reconnaissance,"Adversaries may gather email addresses that can be used during targeting. Even if internal instances exist, organizations may have public-facing email infrastructure and addresses for employees.",Email Addresses
C0037,Water Curupira Pikabot Distribution,Water Curupira Pikabot Distribution utilizes thread spoofing of existing email threads in order to execute spear phishing operations.,T1589.002,Reconnaissance,"Adversaries may gather email addresses that can be used during targeting. Even if internal instances exist, organizations may have public-facing email infrastructure and addresses for employees.",Email Addresses
G0094,Kimsuky,Kimsuky has collected victim employee name information.,T1589.003,Reconnaissance,Adversaries may gather employee names that can be used during targeting. Employee names be used to derive email addresses as well as to help guide other reconnaissance efforts and/or craft more-believable lures.,Employee Names
G0034,Sandworm Team,Sandworm Team's research of potential victim organizations included the identification and collection of employee information.,T1589.003,Reconnaissance,Adversaries may gather employee names that can be used during targeting. Employee names be used to derive email addresses as well as to help guide other reconnaissance efforts and/or craft more-believable lures.,Employee Names
G0122,Silent Librarian,Silent Librarian has collected lists of names for individuals from targeted organizations.,T1589.003,Reconnaissance,Adversaries may gather employee names that can be used during targeting. Employee names be used to derive email addresses as well as to help guide other reconnaissance efforts and/or craft more-believable lures.,Employee Names
G0125,HAFNIUM,HAFNIUM gathered the fully qualified domain names (FQDNs) for targeted Exchange servers in the victim's environment.,T1590,Reconnaissance,"Adversaries may gather information about the victim's networks that can be used during targeting. Information about networks may include a variety of details, including administrative data (ex: IP ranges, domain names, etc.) as well as specifics regarding its topology and operations.",Gather Victim Network Information
G0119,Indrik Spider,"Indrik Spider has downloaded tools, such as the Advanced Port Scanner utility and Lansweeper, to conduct internal reconnaissance of the victim network. Indrik Spider has also accessed the victim’s VMware VCenter, which had information about host configuration, clusters, etc.",T1590,Reconnaissance,"Adversaries may gather information about the victim's networks that can be used during targeting. Information about networks may include a variety of details, including administrative data (ex: IP ranges, domain names, etc.) as well as specifics regarding its topology and operations.",Gather Victim Network Information
G1017,Volt Typhoon,Volt Typhoon has conducted extensive pre-compromise reconnaissance to learn about the target organization’s network.,T1590,Reconnaissance,"Adversaries may gather information about the victim's networks that can be used during targeting. Information about networks may include a variety of details, including administrative data (ex: IP ranges, domain names, etc.) as well as specifics regarding its topology and operations.",Gather Victim Network Information
S0677,AADInternals,AADInternals can gather information about a tenant’s domains using public Microsoft APIs.,T1590.001,Reconnaissance,"Adversaries may gather information about the victim's network domain(s) that can be used during targeting. Information about domains and their properties may include a variety of details, including what domain(s) the victim owns as well as administrative data (ex: name, registrar, etc.) and more directly actionable information such as contacts (email addresses and phone numbers), business addresses, and name servers.",Domain Properties
G0034,Sandworm Team,Sandworm Team conducted technical reconnaissance of the Parliament of Georgia's official internet domain prior to its 2019 attack.,T1590.001,Reconnaissance,"Adversaries may gather information about the victim's network domain(s) that can be used during targeting. Information about domains and their properties may include a variety of details, including what domain(s) the victim owns as well as administrative data (ex: name, registrar, etc.) and more directly actionable information such as contacts (email addresses and phone numbers), business addresses, and name servers.",Domain Properties
G1016,FIN13,FIN13 has searched for infrastructure that can provide remote access to an environment for targeting efforts.,T1590.004,Reconnaissance,"Adversaries may gather information about the victim's network topology that can be used during targeting. Information about network topologies may include a variety of details, including the physical and/or logical arrangement of both external-facing and internal network environments. This information may also include specifics regarding network devices (gateways, routers, etc.) and other infrastructure.",Network Topology
G1045,Salt Typhoon,Salt Typhoon has used configuration files from exploited network devices to help discover upstream and downstream network segments.,T1590.004,Reconnaissance,"Adversaries may gather information about the victim's network topology that can be used during targeting. Information about network topologies may include a variety of details, including the physical and/or logical arrangement of both external-facing and internal network environments. This information may also include specifics regarding network devices (gateways, routers, etc.) and other infrastructure.",Network Topology
G1017,Volt Typhoon,Volt Typhoon has conducted extensive reconnaissance of victim networks including identifying network topologies.,T1590.004,Reconnaissance,"Adversaries may gather information about the victim's network topology that can be used during targeting. Information about network topologies may include a variety of details, including the physical and/or logical arrangement of both external-facing and internal network environments. This information may also include specifics regarding network devices (gateways, routers, etc.) and other infrastructure.",Network Topology
G0138,Andariel,Andariel has limited its watering hole attacks to specific IP address ranges.,T1590.005,Reconnaissance,"Adversaries may gather the victim's IP addresses that can be used during targeting. Public IP addresses may be allocated to organizations by block, or a range of sequential addresses. Information about assigned IP addresses may include a variety of details, such as which IP addresses are in use. IP addresses may also enable an adversary to derive other details about a victim, such as organizational size, physical location(s), Internet service provider, and or where/how their publicly-facing infrastructure is hosted.",IP Addresses
G0125,HAFNIUM,HAFNIUM has obtained IP addresses for publicly-accessible Exchange servers.,T1590.005,Reconnaissance,"Adversaries may gather the victim's IP addresses that can be used during targeting. Public IP addresses may be allocated to organizations by block, or a range of sequential addresses. Information about assigned IP addresses may include a variety of details, such as which IP addresses are in use. IP addresses may also enable an adversary to derive other details about a victim, such as organizational size, physical location(s), Internet service provider, and or where/how their publicly-facing infrastructure is hosted.",IP Addresses
G0059,Magic Hound,Magic Hound has captured the IP addresses of visitors to their phishing sites.,T1590.005,Reconnaissance,"Adversaries may gather the victim's IP addresses that can be used during targeting. Public IP addresses may be allocated to organizations by block, or a range of sequential addresses. Information about assigned IP addresses may include a variety of details, such as which IP addresses are in use. IP addresses may also enable an adversary to derive other details about a victim, such as organizational size, physical location(s), Internet service provider, and or where/how their publicly-facing infrastructure is hosted.",IP Addresses
G1017,Volt Typhoon,Volt Typhoon has identified target network security measures as part of pre-compromise reconnaissance.,T1590.006,Reconnaissance,"Adversaries may gather information about the victim's network security appliances that can be used during targeting. Information about network security appliances may include a variety of details, such as the existence and specifics of deployed firewalls, content filters, and proxies/bastion hosts. Adversaries may also target information about victim network-based intrusion detection systems (NIDS) or other appliances related to defensive cybersecurity operations.",Network Security Appliances
G0007,APT28,APT28 has used large language models (LLMs) to gather information about satellite capabilities.,T1591,Reconnaissance,"Adversaries may gather information about the victim's organization that can be used during targeting. Information about an organization may include a variety of details, including the names of divisions/departments, specifics of business operations, as well as the roles and responsibilities of key employees.",Gather Victim Org Information
G0094,Kimsuky,"Kimsuky has collected victim organization information including but not limited to organization hierarchy, functions, press releases, and others. Kimsuky has also used large language models (LLMs) to gather information about potential targets of interest.",T1591,Reconnaissance,"Adversaries may gather information about the victim's organization that can be used during targeting. Information about an organization may include a variety of details, including the names of divisions/departments, specifics of business operations, as well as the roles and responsibilities of key employees.",Gather Victim Org Information
G0032,Lazarus Group,Lazarus Group has studied publicly available information about a targeted organization to tailor spearphishing efforts against specific departments and/or individuals.,T1591,Reconnaissance,"Adversaries may gather information about the victim's organization that can be used during targeting. Information about an organization may include a variety of details, including the names of divisions/departments, specifics of business operations, as well as the roles and responsibilities of key employees.",Gather Victim Org Information
G1036,Moonstone Sleet,Moonstone Sleet has gathered information on victim organizations through email and social media interaction.,T1591,Reconnaissance,"Adversaries may gather information about the victim's organization that can be used during targeting. Information about an organization may include a variety of details, including the names of divisions/departments, specifics of business operations, as well as the roles and responsibilities of key employees.",Gather Victim Org Information
C0022,Operation Dream Job,"For Operation Dream Job, Lazarus Group gathered victim organization information to identify specific targets.",T1591,Reconnaissance,"Adversaries may gather information about the victim's organization that can be used during targeting. Information about an organization may include a variety of details, including the names of divisions/departments, specifics of business operations, as well as the roles and responsibilities of key employees.",Gather Victim Org Information
G1017,Volt Typhoon,Volt Typhoon has conducted extensive reconnaissance pre-compromise to gain information about the targeted organization.,T1591,Reconnaissance,"Adversaries may gather information about the victim's organization that can be used during targeting. Information about an organization may include a variety of details, including the names of divisions/departments, specifics of business operations, as well as the roles and responsibilities of key employees.",Gather Victim Org Information
G0059,Magic Hound,Magic Hound has collected location information from visitors to their phishing sites.,T1591.001,Reconnaissance,"Adversaries may gather the victim's physical location(s) that can be used during targeting. Information about physical locations of a target organization may include a variety of details, including where key resources and infrastructure are housed. Physical locations may also indicate what legal jurisdiction and/or authorities the victim operates within.",Determine Physical Locations
G0035,Dragonfly,Dragonfly has collected open source information to identify relationships between organizations for targeting purposes.,T1591.002,Reconnaissance,"Adversaries may gather information about the victim's business relationships that can be used during targeting. Information about an organization’s business relationships may include a variety of details, including second or third-party organizations/domains (ex: managed service providers, contractors, etc.) that have connected (and potentially elevated) network access. This information may also reveal supply chains and shipment paths for the victim’s hardware and software resources.",Business Relationships
G1004,LAPSUS$,LAPSUS$ has gathered detailed knowledge of an organization's supply chain relationships.,T1591.002,Reconnaissance,"Adversaries may gather information about the victim's business relationships that can be used during targeting. Information about an organization’s business relationships may include a variety of details, including second or third-party organizations/domains (ex: managed service providers, contractors, etc.) that have connected (and potentially elevated) network access. This information may also reveal supply chains and shipment paths for the victim’s hardware and software resources.",Business Relationships
G0034,Sandworm Team,"In preparation for its attack against the 2018 Winter Olympics, Sandworm Team conducted online research of partner organizations listed on an official PyeongChang Olympics partnership site.",T1591.002,Reconnaissance,"Adversaries may gather information about the victim's business relationships that can be used during targeting. Information about an organization’s business relationships may include a variety of details, including second or third-party organizations/domains (ex: managed service providers, contractors, etc.) that have connected (and potentially elevated) network access. This information may also reveal supply chains and shipment paths for the victim’s hardware and software resources.",Business Relationships
G1001,HEXANE,"HEXANE has identified executives, HR, and IT staff at victim organizations for further targeting.",T1591.004,Reconnaissance,"Adversaries may gather information about identities and roles within the victim organization that can be used during targeting. Information about business roles may reveal a variety of targetable details, including identifiable information for key personnel as well as what data/resources they have access to.",Identify Roles
G1004,LAPSUS$,LAPSUS$ has gathered detailed knowledge of team structures within a target organization.,T1591.004,Reconnaissance,"Adversaries may gather information about identities and roles within the victim organization that can be used during targeting. Information about business roles may reveal a variety of targetable details, including identifiable information for key personnel as well as what data/resources they have access to.",Identify Roles
C0022,Operation Dream Job,"During Operation Dream Job, Lazarus Group targeted specific individuals within an organization with tailored job vacancy announcements.",T1591.004,Reconnaissance,"Adversaries may gather information about identities and roles within the victim organization that can be used during targeting. Information about business roles may reveal a variety of targetable details, including identifiable information for key personnel as well as what data/resources they have access to.",Identify Roles
G1017,Volt Typhoon,Volt Typhoon has identified key network and IT staff members pre-compromise at targeted organizations.,T1591.004,Reconnaissance,"Adversaries may gather information about identities and roles within the victim organization that can be used during targeting. Information about business roles may reveal a variety of targetable details, including identifiable information for key personnel as well as what data/resources they have access to.",Identify Roles
G0007,APT28,APT28 has used spearphishing to compromise credentials.,T1598,Reconnaissance,"Adversaries may send phishing messages to elicit sensitive information that can be used during targeting. Phishing for information is an attempt to trick targets into divulging information, frequently credentials or other actionable information. Phishing for information is different from Phishing in that the objective is gathering data from the victim rather than executing malicious code.",Phishing for Information
G0094,Kimsuky,Kimsuky has used tailored spearphishing emails to gather victim information including contat lists to identify additional targets.,T1598,Reconnaissance,"Adversaries may send phishing messages to elicit sensitive information that can be used during targeting. Phishing for information is an attempt to trick targets into divulging information, frequently credentials or other actionable information. Phishing for information is different from Phishing in that the objective is gathering data from the victim rather than executing malicious code.",Phishing for Information
G1036,Moonstone Sleet,Moonstone Sleet has interacted with victims to gather information via email.,T1598,Reconnaissance,"Adversaries may send phishing messages to elicit sensitive information that can be used during targeting. Phishing for information is an attempt to trick targets into divulging information, frequently credentials or other actionable information. Phishing for information is different from Phishing in that the objective is gathering data from the victim rather than executing malicious code.",Phishing for Information
G1015,Scattered Spider,Scattered Spider has used a combination of credential phishing and social engineering to capture one-time-password (OTP) codes.,T1598,Reconnaissance,"Adversaries may send phishing messages to elicit sensitive information that can be used during targeting. Phishing for information is an attempt to trick targets into divulging information, frequently credentials or other actionable information. Phishing for information is different from Phishing in that the objective is gathering data from the victim rather than executing malicious code.",Phishing for Information
G0128,ZIRCONIUM,ZIRCONIUM targeted presidential campaign staffers with credential phishing e-mails.,T1598,Reconnaissance,"Adversaries may send phishing messages to elicit sensitive information that can be used during targeting. Phishing for information is an attempt to trick targets into divulging information, frequently credentials or other actionable information. Phishing for information is different from Phishing in that the objective is gathering data from the victim rather than executing malicious code.",Phishing for Information
C0027,C0027,"During C0027, Scattered Spider sent Telegram messages impersonating IT personnel to harvest credentials.",T1598.001,Reconnaissance,"Adversaries may send spearphishing messages via third-party services to elicit sensitive information that can be used during targeting. Spearphishing for information is an attempt to trick targets into divulging information, frequently credentials or other actionable information. Spearphishing for information frequently involves social engineering techniques, such as posing as a source with a reason to collect information (ex: Establish Accounts or Compromise Accounts) and/or sending multiple, seemingly urgent messages.",Spearphishing Service
G0035,Dragonfly,Dragonfly has used spearphishing with Microsoft Office attachments to enable harvesting of user credentials.,T1598.002,Reconnaissance,"Adversaries may send spearphishing messages with a malicious attachment to elicit sensitive information that can be used during targeting. Spearphishing for information is an attempt to trick targets into divulging information, frequently credentials or other actionable information. Spearphishing for information frequently involves social engineering techniques, such as posing as a source with a reason to collect information (ex: Establish Accounts or Compromise Accounts) and/or sending multiple, seemingly urgent messages.",Spearphishing Attachment
G1008,SideCopy,SideCopy has crafted generic lures for spam campaigns to collect emails and credentials for targeting efforts.,T1598.002,Reconnaissance,"Adversaries may send spearphishing messages with a malicious attachment to elicit sensitive information that can be used during targeting. Spearphishing for information is an attempt to trick targets into divulging information, frequently credentials or other actionable information. Spearphishing for information frequently involves social engineering techniques, such as posing as a source with a reason to collect information (ex: Establish Accounts or Compromise Accounts) and/or sending multiple, seemingly urgent messages.",Spearphishing Attachment
G0121,Sidewinder,Sidewinder has sent e-mails with malicious attachments that lead victims to credential harvesting websites.,T1598.002,Reconnaissance,"Adversaries may send spearphishing messages with a malicious attachment to elicit sensitive information that can be used during targeting. Spearphishing for information is an attempt to trick targets into divulging information, frequently credentials or other actionable information. Spearphishing for information frequently involves social engineering techniques, such as posing as a source with a reason to collect information (ex: Establish Accounts or Compromise Accounts) and/or sending multiple, seemingly urgent messages.",Spearphishing Attachment
G1033,Star Blizzard,Star Blizzard has sent emails to establish rapport with targets eventually sending messages with attachments containing links to credential-stealing sites.,T1598.002,Reconnaissance,"Adversaries may send spearphishing messages with a malicious attachment to elicit sensitive information that can be used during targeting. Spearphishing for information is an attempt to trick targets into divulging information, frequently credentials or other actionable information. Spearphishing for information frequently involves social engineering techniques, such as posing as a source with a reason to collect information (ex: Establish Accounts or Compromise Accounts) and/or sending multiple, seemingly urgent messages.",Spearphishing Attachment
S0677,AADInternals,AADInternals can send phishing emails containing malicious links designed to collect users’ credentials.,T1598.003,Reconnaissance,"Adversaries may send spearphishing messages with a malicious link to elicit sensitive information that can be used during targeting. Spearphishing for information is an attempt to trick targets into divulging information, frequently credentials or other actionable information. Spearphishing for information frequently involves social engineering techniques, such as posing as a source with a reason to collect information (ex: Establish Accounts or Compromise Accounts) and/or sending multiple, seemingly urgent messages.",Spearphishing Link
G0007,APT28,APT28 has conducted credential phishing campaigns with links that redirect to credential harvesting sites.,T1598.003,Reconnaissance,"Adversaries may send spearphishing messages with a malicious link to elicit sensitive information that can be used during targeting. Spearphishing for information is an attempt to trick targets into divulging information, frequently credentials or other actionable information. Spearphishing for information frequently involves social engineering techniques, such as posing as a source with a reason to collect information (ex: Establish Accounts or Compromise Accounts) and/or sending multiple, seemingly urgent messages.",Spearphishing Link
G0050,APT32,APT32 has used malicious links to direct users to web pages designed to harvest credentials.,T1598.003,Reconnaissance,"Adversaries may send spearphishing messages with a malicious link to elicit sensitive information that can be used during targeting. Spearphishing for information is an attempt to trick targets into divulging information, frequently credentials or other actionable information. Spearphishing for information frequently involves social engineering techniques, such as posing as a source with a reason to collect information (ex: Establish Accounts or Compromise Accounts) and/or sending multiple, seemingly urgent messages.",Spearphishing Link
G1012,CURIUM,CURIUM used malicious links to adversary-controlled resources for credential harvesting.,T1598.003,Reconnaissance,"Adversaries may send spearphishing messages with a malicious link to elicit sensitive information that can be used during targeting. Spearphishing for information is an attempt to trick targets into divulging information, frequently credentials or other actionable information. Spearphishing for information frequently involves social engineering techniques, such as posing as a source with a reason to collect information (ex: Establish Accounts or Compromise Accounts) and/or sending multiple, seemingly urgent messages.",Spearphishing Link
G0035,Dragonfly,Dragonfly has used spearphishing with PDF attachments containing malicious links that redirected to credential harvesting websites.,T1598.003,Reconnaissance,"Adversaries may send spearphishing messages with a malicious link to elicit sensitive information that can be used during targeting. Spearphishing for information is an attempt to trick targets into divulging information, frequently credentials or other actionable information. Spearphishing for information frequently involves social engineering techniques, such as posing as a source with a reason to collect information (ex: Establish Accounts or Compromise Accounts) and/or sending multiple, seemingly urgent messages.",Spearphishing Link
G0094,Kimsuky,Kimsuky has used links in e-mail to steal account information including web beacons for target profiling.,T1598.003,Reconnaissance,"Adversaries may send spearphishing messages with a malicious link to elicit sensitive information that can be used during targeting. Spearphishing for information is an attempt to trick targets into divulging information, frequently credentials or other actionable information. Spearphishing for information frequently involves social engineering techniques, such as posing as a source with a reason to collect information (ex: Establish Accounts or Compromise Accounts) and/or sending multiple, seemingly urgent messages.",Spearphishing Link
G0059,Magic Hound,Magic Hound has used SMS and email messages with links designed to steal credentials or track victims.,T1598.003,Reconnaissance,"Adversaries may send spearphishing messages with a malicious link to elicit sensitive information that can be used during targeting. Spearphishing for information is an attempt to trick targets into divulging information, frequently credentials or other actionable information. Spearphishing for information frequently involves social engineering techniques, such as posing as a source with a reason to collect information (ex: Establish Accounts or Compromise Accounts) and/or sending multiple, seemingly urgent messages.",Spearphishing Link
G1036,Moonstone Sleet,Moonstone Sleet used spearphishing messages containing items such as tracking pixels to determine if users interacted with malicious messages.,T1598.003,Reconnaissance,"Adversaries may send spearphishing messages with a malicious link to elicit sensitive information that can be used during targeting. Spearphishing for information is an attempt to trick targets into divulging information, frequently credentials or other actionable information. Spearphishing for information frequently involves social engineering techniques, such as posing as a source with a reason to collect information (ex: Establish Accounts or Compromise Accounts) and/or sending multiple, seemingly urgent messages.",Spearphishing Link
G0129,Mustang Panda,Mustang Panda has delivered web bugs to profile their intended targets.,T1598.003,Reconnaissance,"Adversaries may send spearphishing messages with a malicious link to elicit sensitive information that can be used during targeting. Spearphishing for information is an attempt to trick targets into divulging information, frequently credentials or other actionable information. Spearphishing for information frequently involves social engineering techniques, such as posing as a source with a reason to collect information (ex: Establish Accounts or Compromise Accounts) and/or sending multiple, seemingly urgent messages.",Spearphishing Link
G0040,Patchwork,"Patchwork has used embedded image tags (known as web bugs) with unique, per-recipient tracking links in their emails for the purpose of identifying which recipients opened messages.",T1598.003,Reconnaissance,"Adversaries may send spearphishing messages with a malicious link to elicit sensitive information that can be used during targeting. Spearphishing for information is an attempt to trick targets into divulging information, frequently credentials or other actionable information. Spearphishing for information frequently involves social engineering techniques, such as posing as a source with a reason to collect information (ex: Establish Accounts or Compromise Accounts) and/or sending multiple, seemingly urgent messages.",Spearphishing Link
G0034,Sandworm Team,Sandworm Team has crafted spearphishing emails with hyperlinks designed to trick unwitting recipients into revealing their account credentials.,T1598.003,Reconnaissance,"Adversaries may send spearphishing messages with a malicious link to elicit sensitive information that can be used during targeting. Spearphishing for information is an attempt to trick targets into divulging information, frequently credentials or other actionable information. Spearphishing for information frequently involves social engineering techniques, such as posing as a source with a reason to collect information (ex: Establish Accounts or Compromise Accounts) and/or sending multiple, seemingly urgent messages.",Spearphishing Link
G0121,Sidewinder,Sidewinder has sent e-mails with malicious links to credential harvesting websites.,T1598.003,Reconnaissance,"Adversaries may send spearphishing messages with a malicious link to elicit sensitive information that can be used during targeting. Spearphishing for information is an attempt to trick targets into divulging information, frequently credentials or other actionable information. Spearphishing for information frequently involves social engineering techniques, such as posing as a source with a reason to collect information (ex: Establish Accounts or Compromise Accounts) and/or sending multiple, seemingly urgent messages.",Spearphishing Link
G0122,Silent Librarian,Silent Librarian has used links in e-mails to direct victims to credential harvesting websites designed to appear like the targeted organization's login page.,T1598.003,Reconnaissance,"Adversaries may send spearphishing messages with a malicious link to elicit sensitive information that can be used during targeting. Spearphishing for information is an attempt to trick targets into divulging information, frequently credentials or other actionable information. Spearphishing for information frequently involves social engineering techniques, such as posing as a source with a reason to collect information (ex: Establish Accounts or Compromise Accounts) and/or sending multiple, seemingly urgent messages.",Spearphishing Link
S0649,SMOKEDHAM,SMOKEDHAM has been delivered via malicious links in phishing emails.,T1598.003,Reconnaissance,"Adversaries may send spearphishing messages with a malicious link to elicit sensitive information that can be used during targeting. Spearphishing for information is an attempt to trick targets into divulging information, frequently credentials or other actionable information. Spearphishing for information frequently involves social engineering techniques, such as posing as a source with a reason to collect information (ex: Establish Accounts or Compromise Accounts) and/or sending multiple, seemingly urgent messages.",Spearphishing Link
G1033,Star Blizzard,Star Blizzard has sent emails to establish rapport with targets eventually sending messages with links to credential-stealing sites.,T1598.003,Reconnaissance,"Adversaries may send spearphishing messages with a malicious link to elicit sensitive information that can be used during targeting. Spearphishing for information is an attempt to trick targets into divulging information, frequently credentials or other actionable information. Spearphishing for information frequently involves social engineering techniques, such as posing as a source with a reason to collect information (ex: Establish Accounts or Compromise Accounts) and/or sending multiple, seemingly urgent messages.",Spearphishing Link
G0128,ZIRCONIUM,ZIRCONIUM has used web beacons in e-mails to track hits to attacker-controlled URL's.,T1598.003,Reconnaissance,"Adversaries may send spearphishing messages with a malicious link to elicit sensitive information that can be used during targeting. Spearphishing for information is an attempt to trick targets into divulging information, frequently credentials or other actionable information. Spearphishing for information frequently involves social engineering techniques, such as posing as a source with a reason to collect information (ex: Establish Accounts or Compromise Accounts) and/or sending multiple, seemingly urgent messages.",Spearphishing Link
C0027,C0027,"During C0027, Scattered Spider used phone calls to instruct victims to navigate to credential-harvesting websites.",T1598.004,Reconnaissance,"Adversaries may use voice communications to elicit sensitive information that can be used during targeting. Spearphishing for information is an attempt to trick targets into divulging information, frequently credentials or other actionable information. Spearphishing for information frequently involves social engineering techniques, such as posing as a source with a reason to collect information (ex: Impersonation) and/or creating a sense of urgency or alarm for the recipient.",Spearphishing Voice
G1004,LAPSUS$,LAPSUS$ has called victims' help desk to convince the support personnel to reset a privileged account’s credentials.,T1598.004,Reconnaissance,"Adversaries may use voice communications to elicit sensitive information that can be used during targeting. Spearphishing for information is an attempt to trick targets into divulging information, frequently credentials or other actionable information. Spearphishing for information frequently involves social engineering techniques, such as posing as a source with a reason to collect information (ex: Impersonation) and/or creating a sense of urgency or alarm for the recipient.",Spearphishing Voice
G1015,Scattered Spider,"During C0027, Scattered Spider used phone calls to instruct victims to navigate to credential-harvesting websites.",T1598.004,Reconnaissance,"Adversaries may use voice communications to elicit sensitive information that can be used during targeting. Spearphishing for information is an attempt to trick targets into divulging information, frequently credentials or other actionable information. Spearphishing for information frequently involves social engineering techniques, such as posing as a source with a reason to collect information (ex: Impersonation) and/or creating a sense of urgency or alarm for the recipient.",Spearphishing Voice
G1011,EXOTIC LILY,EXOTIC LILY has searched for information on targeted individuals on business databases including RocketReach and CrunchBase.,T1597,Reconnaissance,"Adversaries may search and gather information about victims from closed (e.g., paid, private, or otherwise not freely available) sources that can be used during targeting. Information about victims may be available for purchase from reputable private sources and databases, such as paid subscriptions to feeds of technical/threat intelligence data. Adversaries may also purchase information from less-reputable sources such as dark web or cybercrime blackmarkets.",Search Closed Sources
G1004,LAPSUS$,LAPSUS$ has purchased credentials and session tokens from criminal underground forums.,T1597.002,Reconnaissance,"Adversaries may purchase technical information about victims that can be used during targeting. Information about victims may be available for purchase within reputable private sources and databases, such as paid subscriptions to feeds of scan databases or other data aggregation services. Adversaries may also purchase information from less-reputable sources such as dark web or cybercrime blackmarkets.",Purchase Technical Data
G0007,APT28,APT28 has used large language models (LLMs) to assist in script development and deployment.,T1596,Reconnaissance,"Adversaries may search freely available technical databases for information about victims that can be used during targeting. Information about victims may be available in online databases and repositories, such as registrations of domains/certificates as well as public collections of network data/artifacts gathered from traffic and/or scans.",Search Open Technical Databases
G0094,Kimsuky,Kimsuky has used LLMs to better understand publicly reported vulnerabilities.,T1596,Reconnaissance,"Adversaries may search freely available technical databases for information about victims that can be used during targeting. Information about victims may be available in online databases and repositories, such as registrations of domains/certificates as well as public collections of network data/artifacts gathered from traffic and/or scans.",Search Open Technical Databases
G0096,APT41,"APT41 uses the Chinese website fofa.su, similar to the Shodan scanning service, for passive scanning of victims.",T1596.005,Reconnaissance,"Adversaries may search within public scan databases for information about victims that can be used during targeting. Various online services continuously publish the results of Internet scans/surveys, often harvesting information such as active IP addresses, hostnames, open ports, certificates, and even server banners.",Scan Databases
C0040,APT41 DUST,APT41 DUST used internet scan data for target development.,T1596.005,Reconnaissance,"Adversaries may search within public scan databases for information about victims that can be used during targeting. Various online services continuously publish the results of Internet scans/surveys, often harvesting information such as active IP addresses, hostnames, open ports, certificates, and even server banners.",Scan Databases
G1017,Volt Typhoon,"Volt Typhoon has used FOFA, Shodan, and Censys to search for exposed victim infrastructure.",T1596.005,Reconnaissance,"Adversaries may search within public scan databases for information about victims that can be used during targeting. Various online services continuously publish the results of Internet scans/surveys, often harvesting information such as active IP addresses, hostnames, open ports, certificates, and even server banners.",Scan Databases
G0094,Kimsuky,"Kimsuky has used LLMs to identify think tanks, government organizations, etc. that have information.",T1593,Reconnaissance,"Adversaries may search freely available websites and/or domains for information about victims that can be used during targeting. Information about victims may be available in various online sites, such as social media, new sites, or those hosting information about business operations such as hiring or requested/rewarded contracts.",Search Open Websites/Domains
G0034,Sandworm Team,"Sandworm Team researched Ukraine's unique legal entity identifier (called an ""EDRPOU"" number), including running queries on the EDRPOU website, in preparation for the NotPetya attack. Sandworm Team has also researched third-party websites to help it craft credible spearphishing emails.",T1593,Reconnaissance,"Adversaries may search freely available websites and/or domains for information about victims that can be used during targeting. Information about victims may be available in various online sites, such as social media, new sites, or those hosting information about business operations such as hiring or requested/rewarded contracts.",Search Open Websites/Domains
G1033,Star Blizzard,Star Blizzard has used open-source research to identify information about victims to use in targeting.,T1593,Reconnaissance,"Adversaries may search freely available websites and/or domains for information about victims that can be used during targeting. Information about victims may be available in various online sites, such as social media, new sites, or those hosting information about business operations such as hiring or requested/rewarded contracts.",Search Open Websites/Domains
G1017,Volt Typhoon,Volt Typhoon has conducted pre-compromise web searches for victim information.,T1593,Reconnaissance,"Adversaries may search freely available websites and/or domains for information about victims that can be used during targeting. Information about victims may be available in various online sites, such as social media, new sites, or those hosting information about business operations such as hiring or requested/rewarded contracts.",Search Open Websites/Domains
G1011,EXOTIC LILY,EXOTIC LILY has copied data from social media sites to impersonate targeted individuals.,T1593.001,Reconnaissance,"Adversaries may search social media for information about victims that can be used during targeting. Social media sites may contain various information about a victim organization, such as business announcements as well as information about the roles, locations, and interests of staff.",Social Media
G0094,Kimsuky,Kimsuky has used Twitter to monitor potential victims and to prepare targeted phishing e-mails.,T1593.001,Reconnaissance,"Adversaries may search social media for information about victims that can be used during targeting. Social media sites may contain various information about a victim organization, such as business announcements as well as information about the roles, locations, and interests of staff.",Social Media
C0022,Operation Dream Job,"For Operation Dream Job, Lazarus Group used LinkedIn to identify and target employees within a chosen organization.",T1593.001,Reconnaissance,"Adversaries may search social media for information about victims that can be used during targeting. Social media sites may contain various information about a victim organization, such as business announcements as well as information about the roles, locations, and interests of staff.",Social Media
C0040,APT41 DUST,APT41 DUST involved use of search engines to research victim servers.,T1593.002,Reconnaissance,Adversaries may use search engines to collect information about victims that can be used during targeting. Search engine services typical crawl online sites to index context and may provide users with specialized syntax to search for specific keywords or specific types of content (i.e. filetypes).,Search Engines
G0094,Kimsuky,"Kimsuky has searched for vulnerabilities, tools, and geopolitical trends on Google to target victims.",T1593.002,Reconnaissance,Adversaries may use search engines to collect information about victims that can be used during targeting. Search engine services typical crawl online sites to index context and may provide users with specialized syntax to search for specific keywords or specific types of content (i.e. filetypes).,Search Engines
G0125,HAFNIUM,HAFNIUM has discovered leaked corporate credentials on public repositories including GitHub.,T1593.003,Reconnaissance,"Adversaries may search public code repositories for information about victims that can be used during targeting. Victims may store code in repositories on various third-party websites such as GitHub, GitLab, SourceForge, and BitBucket. Users typically interact with code repositories through a web application or command-line utilities such as git.",Code Repositories
G1004,LAPSUS$,LAPSUS$ has searched public code repositories for exposed credentials.,T1593.003,Reconnaissance,"Adversaries may search public code repositories for information about victims that can be used during targeting. Victims may store code in repositories on various third-party websites such as GitHub, GitLab, SourceForge, and BitBucket. Users typically interact with code repositories through a web application or command-line utilities such as git.",Code Repositories
C0040,APT41 DUST,APT41 DUST involved access of external victim websites for target development.,T1594,Reconnaissance,"Adversaries may search websites owned by the victim for information that can be used during targeting. Victim-owned websites may contain a variety of details, including names of departments/divisions, physical locations, and data about key employees such as names, roles, and contact info (ex: Email Addresses). These sites may also have details highlighting business operations and relationships.",Search Victim-Owned Websites
C0029,Cutting Edge,"During Cutting Edge, threat actors peformed reconnaissance of victims' internal websites via proxied connections.",T1594,Reconnaissance,"Adversaries may search websites owned by the victim for information that can be used during targeting. Victim-owned websites may contain a variety of details, including names of departments/divisions, physical locations, and data about key employees such as names, roles, and contact info (ex: Email Addresses). These sites may also have details highlighting business operations and relationships.",Search Victim-Owned Websites
G1011,EXOTIC LILY,EXOTIC LILY has used contact forms on victim websites to generate phishing e-mails.,T1594,Reconnaissance,"Adversaries may search websites owned by the victim for information that can be used during targeting. Victim-owned websites may contain a variety of details, including names of departments/divisions, physical locations, and data about key employees such as names, roles, and contact info (ex: Email Addresses). These sites may also have details highlighting business operations and relationships.",Search Victim-Owned Websites
G0094,Kimsuky,Kimsuky has searched for information on the target company's website.,T1594,Reconnaissance,"Adversaries may search websites owned by the victim for information that can be used during targeting. Victim-owned websites may contain a variety of details, including names of departments/divisions, physical locations, and data about key employees such as names, roles, and contact info (ex: Email Addresses). These sites may also have details highlighting business operations and relationships.",Search Victim-Owned Websites
C0049,Leviathan Australian Intrusions,Leviathan enumerated compromised web application resources to identify additional endpoints and resources linkd to the website for follow-on access during Leviathan Australian Intrusions.,T1594,Reconnaissance,"Adversaries may search websites owned by the victim for information that can be used during targeting. Victim-owned websites may contain a variety of details, including names of departments/divisions, physical locations, and data about key employees such as names, roles, and contact info (ex: Email Addresses). These sites may also have details highlighting business operations and relationships.",Search Victim-Owned Websites
G0034,Sandworm Team,Sandworm Team has conducted research against potential victim websites as part of its operational planning.,T1594,Reconnaissance,"Adversaries may search websites owned by the victim for information that can be used during targeting. Victim-owned websites may contain a variety of details, including names of departments/divisions, physical locations, and data about key employees such as names, roles, and contact info (ex: Email Addresses). These sites may also have details highlighting business operations and relationships.",Search Victim-Owned Websites
G0122,Silent Librarian,"Silent Librarian has searched victim's websites to identify the interests and academic areas of targeted individuals and to scrape source code, branding, and organizational contact information for phishing pages.",T1594,Reconnaissance,"Adversaries may search websites owned by the victim for information that can be used during targeting. Victim-owned websites may contain a variety of details, including names of departments/divisions, physical locations, and data about key employees such as names, roles, and contact info (ex: Email Addresses). These sites may also have details highlighting business operations and relationships.",Search Victim-Owned Websites
G1038,TA578,TA578 has filled out contact forms on victims' websites to direct them to adversary-controlled URLs.,T1594,Reconnaissance,"Adversaries may search websites owned by the victim for information that can be used during targeting. Victim-owned websites may contain a variety of details, including names of departments/divisions, physical locations, and data about key employees such as names, roles, and contact info (ex: Email Addresses). These sites may also have details highlighting business operations and relationships.",Search Victim-Owned Websites
G1017,Volt Typhoon,Volt Typhoon has conducted pre-compromise reconnaissance on victim-owned sites.,T1594,Reconnaissance,"Adversaries may search websites owned by the victim for information that can be used during targeting. Victim-owned websites may contain a variety of details, including names of departments/divisions, physical locations, and data about key employees such as names, roles, and contact info (ex: Email Addresses). These sites may also have details highlighting business operations and relationships.",Search Victim-Owned Websites
